,Date,open,high,low,close,adjclose,volume
0,2019-10-10,16.5,16.698999404907227,13.010000228881836,14.239999771118164,14.053853988647461,2805800
1,2019-10-11,15.34000015258789,15.34000015258789,13.5,13.819999694824219,13.639344215393066,1364300
2,2019-10-14,13.829999923706055,13.90999984741211,12.524999618530273,12.75,12.583332061767578,899100
3,2019-10-15,12.989999771118164,13.0,12.529999732971191,12.920000076293945,12.751110076904297,484700
4,2019-10-16,13.199999809265137,13.880000114440918,12.609999656677246,12.9399995803833,12.77084732055664,524200
5,2019-10-17,13.239999771118164,13.479999542236328,12.675000190734863,13.0,12.830063819885254,413000
6,2019-10-18,13.300000190734863,14.25,13.300000190734863,14.140000343322754,13.955162048339844,231900
7,2019-10-21,14.9399995803833,16.280000686645508,14.819999694824219,16.280000686645508,16.067188262939453,290000
8,2019-10-22,17.049999237060547,20.639999389648438,17.049999237060547,20.639999389648438,20.370193481445312,407900
9,2019-10-23,21.950000762939453,21.989999771118164,16.790000915527344,17.639999389648438,17.409408569335938,476600
10,2019-10-24,18.729999542236328,20.0,17.110000610351562,18.850000381469727,18.603593826293945,269200
11,2019-10-25,18.5,18.5,16.75,17.56999969482422,17.34032440185547,231500
12,2019-10-28,17.079999923706055,18.18000030517578,16.459999084472656,16.459999084472656,16.24483299255371,253000
13,2019-10-29,16.920000076293945,17.28499984741211,16.6299991607666,17.0,16.777774810791016,136700
14,2019-10-30,17.0,17.190000534057617,16.43000030517578,16.790000915527344,16.57052230834961,94100
15,2019-10-31,16.799999237060547,16.81999969482422,16.389999389648438,16.81999969482422,16.600128173828125,63900
16,2019-11-01,16.799999237060547,16.799999237060547,16.1200008392334,16.520000457763672,16.30405044555664,82900
17,2019-11-04,17.049999237060547,19.68000030517578,17.049999237060547,18.969999313354492,18.722023010253906,206800
18,2019-11-05,20.389999389648438,20.389999389648438,18.229999542236328,18.479999542236328,18.238428115844727,97900
19,2019-11-06,18.389999389648438,18.65999984741211,17.030000686645508,17.3799991607666,17.152807235717773,88100
20,2019-11-07,17.360000610351562,18.579999923706055,17.360000610351562,18.420000076293945,18.179214477539062,47700
21,2019-11-08,18.350000381469727,19.139999389648438,18.350000381469727,18.8700008392334,18.62333106994629,78100
22,2019-11-11,19.360000610351562,19.979999542236328,19.040000915527344,19.739999771118164,19.481958389282227,148100
23,2019-11-12,19.5,19.709999084472656,17.06999969482422,17.639999389648438,17.409408569335938,228200
24,2019-11-13,17.799999237060547,18.920000076293945,17.799999237060547,18.549999237060547,18.307514190673828,55700
25,2019-11-14,18.860000610351562,19.3700008392334,18.64699935913086,19.0,18.751632690429688,61800
26,2019-11-15,19.100000381469727,19.799999237060547,19.020000457763672,19.239999771118164,18.988494873046875,65600
27,2019-11-18,19.149999618530273,20.5,19.149999618530273,19.700000762939453,19.442481994628906,120000
28,2019-11-19,19.639999389648438,20.690000534057617,19.5,20.329999923706055,20.064245223999023,99200
29,2019-11-20,20.0,21.670000076293945,19.979999542236328,20.350000381469727,20.083984375,160300
30,2019-11-21,20.799999237060547,22.0,18.600000381469727,19.68000030517578,19.42274284362793,190000
31,2019-11-22,20.0,21.979999542236328,20.0,21.329999923706055,21.05117416381836,89900
32,2019-11-25,22.549999237060547,23.399999618530273,20.3799991607666,20.75,20.478755950927734,188900
33,2019-11-26,21.030000686645508,21.450000762939453,20.489999771118164,21.360000610351562,21.080781936645508,89300
34,2019-11-27,21.920000076293945,21.979999542236328,21.165000915527344,21.8799991607666,21.593982696533203,29700
35,2019-11-29,22.0,23.21500015258789,21.850000381469727,21.979999542236328,21.692676544189453,57000
36,2019-12-02,22.65999984741211,23.1299991607666,21.09000015258789,21.8700008392334,21.584115982055664,106500
37,2019-12-03,22.049999237060547,23.149999618530273,20.719999313354492,20.770000457763672,20.49849510192871,88400
38,2019-12-04,21.489999771118164,22.959999084472656,21.049999237060547,21.3700008392334,21.090652465820312,146500
39,2019-12-05,21.75,22.670000076293945,21.350000381469727,22.489999771118164,22.19601058959961,129900
40,2019-12-06,22.850000381469727,24.469999313354492,22.65999984741211,24.3700008392334,24.051435470581055,251500
41,2019-12-09,25.0,29.969999313354492,25.0,29.0,28.62091064453125,393900
42,2019-12-10,29.0,29.489999771118164,27.280000686645508,28.0,27.633983612060547,180200
43,2019-12-11,28.700000762939453,31.299999237060547,28.649999618530273,31.299999237060547,30.890844345092773,205200
44,2019-12-12,32.70000076293945,34.0,28.979999542236328,29.84000015258789,29.449932098388672,380900
45,2019-12-13,32.150001525878906,32.849998474121094,30.700000762939453,32.45000076293945,32.025814056396484,232700
46,2019-12-16,38.439998626708984,38.75,34.65999984741211,35.0,34.54248046875,622900
47,2019-12-17,36.5099983215332,36.917999267578125,34.81999969482422,36.90999984741211,36.427513122558594,261600
48,2019-12-18,35.47999954223633,35.81999969482422,33.119998931884766,35.0,34.54248046875,146500
49,2019-12-19,33.869998931884766,33.869998931884766,27.72800064086914,29.34000015258789,28.956466674804688,250500
50,2019-12-20,31.809999465942383,34.970001220703125,31.809999465942383,34.970001220703125,34.512874603271484,447900
51,2019-12-23,34.90999984741211,35.900001525878906,33.099998474121094,34.72999954223633,34.27600860595703,103500
52,2019-12-24,34.61000061035156,34.61000061035156,33.0099983215332,33.470001220703125,33.0324821472168,23900
53,2019-12-26,33.290000915527344,34.0,31.590999603271484,33.20000076293945,32.76601028442383,53900
54,2019-12-27,32.61000061035156,33.58000183105469,32.02000045776367,32.58000183105469,32.15411376953125,38100
55,2019-12-30,33.0,34.90999984741211,33.0,34.90999984741211,34.45365524291992,33500
56,2019-12-31,34.709999084472656,34.75899887084961,33.689998626708984,33.880001068115234,33.4371223449707,40000
57,2020-01-02,35.75,38.5,35.36000061035156,38.5,37.996726989746094,139500
58,2020-01-03,38.0,41.25,36.41999816894531,40.04999923706055,39.526466369628906,176000
59,2020-01-06,40.11000061035156,45.0,40.099998474121094,44.58000183105469,43.997249603271484,333300
60,2020-01-07,47.400001525878906,48.849998474121094,41.18000030517578,43.34000015258789,42.773460388183594,562100
61,2020-01-08,44.29999923706055,46.33000183105469,44.18000030517578,45.099998474121094,44.51045227050781,193900
62,2020-01-09,46.54999923706055,46.709999084472656,42.709999084472656,43.27000045776367,42.704376220703125,234900
63,2020-01-10,44.9900016784668,44.9900016784668,38.209999084472656,39.68000030517578,39.16130447387695,369100
64,2020-01-13,41.0099983215332,41.31999969482422,35.2599983215332,37.83000183105469,37.335487365722656,459400
65,2020-01-14,35.29999923706055,35.474998474121094,33.220001220703125,34.529998779296875,34.07862091064453,266300
66,2020-01-15,35.29999923706055,39.849998474121094,33.599998474121094,34.54999923706055,34.09836196899414,361000
67,2020-01-16,35.75,35.900001525878906,31.274999618530273,32.25,31.828428268432617,692100
68,2020-01-17,33.04999923706055,33.599998474121094,30.329999923706055,33.18000030517578,32.74626922607422,615100
69,2020-01-21,33.790000915527344,36.540000915527344,33.51300048828125,36.540000915527344,36.06235122680664,264500
70,2020-01-22,37.61000061035156,39.029998779296875,36.75,38.880001068115234,38.371761322021484,318200
71,2020-01-23,37.209999084472656,37.54999923706055,35.310001373291016,36.70000076293945,36.22025680541992,192900
72,2020-01-24,35.31999969482422,35.900001525878906,33.566001892089844,34.9900016784668,34.53261184692383,209700
73,2020-01-27,33.2400016784668,34.53499984741211,32.75,33.20000076293945,32.76601028442383,120000
74,2020-01-28,34.040000915527344,34.83000183105469,32.599998474121094,34.220001220703125,33.77267837524414,165200
75,2020-01-29,33.95000076293945,33.95000076293945,31.739999771118164,31.799999237060547,31.384309768676758,184200
76,2020-01-30,30.700000762939453,31.190000534057617,28.579999923706055,29.899999618530273,29.509145736694336,228600
77,2020-01-31,30.360000610351562,30.950000762939453,28.5,29.209999084472656,28.82816505432129,138700
78,2020-02-03,29.799999237060547,30.690000534057617,28.780000686645508,30.270000457763672,29.874311447143555,177600
79,2020-02-04,29.170000076293945,32.91999816894531,29.170000076293945,32.91999816894531,32.48966598510742,137600
80,2020-02-05,34.0,34.0,28.690000534057617,29.25,28.867643356323242,405000
81,2020-02-06,32.0,32.93000030517578,29.68000030517578,32.93000030517578,32.49953842163086,387400
82,2020-02-07,31.8799991607666,32.4900016784668,30.06999969482422,30.8799991607666,30.476335525512695,166700
83,2020-02-10,30.989999771118164,32.150001525878906,30.110000610351562,32.119998931884766,31.70012664794922,121700
84,2020-02-11,31.479999542236328,31.479999542236328,29.799999237060547,30.709999084472656,30.308557510375977,175300
85,2020-02-12,30.0,31.100000381469727,29.0,29.559999465942383,29.17359161376953,157700
86,2020-02-13,29.510000228881836,30.639999389648438,29.079999923706055,30.639999389648438,30.239473342895508,107100
87,2020-02-14,31.0,31.56999969482422,29.719999313354492,30.75,30.34803581237793,128700
88,2020-02-18,30.489999771118164,31.540000915527344,30.260000228881836,31.540000915527344,31.127710342407227,66200
89,2020-02-19,31.5,32.290000915527344,30.75,32.25,31.828428268432617,253800
90,2020-02-20,31.719999313354492,32.58000183105469,31.0049991607666,32.380001068115234,31.956729888916016,152200
91,2020-02-21,31.799999237060547,32.459999084472656,31.270000457763672,32.349998474121094,31.9271183013916,158700
92,2020-02-24,30.0,31.100000381469727,29.139999389648438,30.600000381469727,30.199996948242188,148400
93,2020-02-25,30.0,33.959999084472656,30.0,33.439998626708984,33.00286865234375,201500
94,2020-02-26,31.850000381469727,34.38999938964844,31.549999237060547,33.75,33.30881881713867,213300
95,2020-02-27,31.450000762939453,33.970001220703125,31.048999786376953,33.880001068115234,33.4371223449707,112400
96,2020-02-28,33.400001525878906,35.099998474121094,32.849998474121094,35.099998474121094,34.641170501708984,234400
97,2020-03-02,35.0099983215332,36.599998474121094,34.0,36.599998474121094,36.12156295776367,185100
98,2020-03-03,36.650001525878906,40.99800109863281,36.599998474121094,38.47999954223633,37.97698974609375,297900
99,2020-03-04,39.0,39.29999923706055,38.0,39.189998626708984,38.67770767211914,127100
100,2020-03-05,37.709999084472656,38.060001373291016,35.63999938964844,37.119998931884766,36.634765625,77000
101,2020-03-06,37.619998931884766,40.94599914550781,35.61000061035156,38.09000015258789,37.59208679199219,279200
102,2020-03-09,35.150001525878906,35.900001525878906,32.400001525878906,33.47999954223633,33.0423469543457,190200
103,2020-03-10,35.08000183105469,35.83000183105469,31.45199966430664,33.959999084472656,33.516075134277344,327500
104,2020-03-11,33.400001525878906,34.095001220703125,31.0,32.16999816894531,31.74947166442871,119000
105,2020-03-12,28.989999771118164,30.395000457763672,28.0,28.549999237060547,28.176794052124023,184100
106,2020-03-13,30.0,31.979999542236328,29.190000534057617,30.93000030517578,30.52568244934082,197600
107,2020-03-16,49.36000061035156,52.79999923706055,38.0,40.0,39.47711944580078,1935900
108,2020-03-17,65.0,76.0,56.0099983215332,66.5999984741211,65.72940063476562,2939800
109,2020-03-18,90.38999938964844,105.0,82.20899963378906,92.0,90.79737854003906,3027000
110,2020-03-19,83.19999694824219,83.3290023803711,59.0,59.29999923706055,58.52482986450195,1598500
111,2020-03-20,54.95000076293945,55.0,43.65999984741211,46.5,45.89215087890625,1174000
112,2020-03-23,59.0,59.97999954223633,50.310001373291016,51.310001373291016,50.63927459716797,994100
113,2020-03-24,58.900001525878906,58.9900016784668,48.02000045776367,53.63999938964844,52.93881607055664,579700
114,2020-03-25,53.630001068115234,53.685001373291016,47.20000076293945,47.20000076293945,46.58300018310547,333200
115,2020-03-26,52.0,55.75,50.0,55.0,54.28104019165039,471600
116,2020-03-27,54.83000183105469,55.400001525878906,51.31999969482422,55.0,54.28104019165039,246200
117,2020-03-30,60.0,64.44999694824219,59.040000915527344,62.0,61.189537048339844,591200
118,2020-03-31,59.86000061035156,62.0,57.0,58.400001525878906,57.6365966796875,243300
119,2020-04-01,56.349998474121094,58.19499969482422,52.47999954223633,52.91999816894531,52.22822570800781,259100
120,2020-04-02,55.5,56.93000030517578,53.0,56.90999984741211,56.166072845458984,245700
121,2020-04-03,57.97999954223633,57.97999954223633,52.0099983215332,52.75,52.06045150756836,227300
122,2020-04-06,55.5,55.599998474121094,52.400001525878906,52.72999954223633,52.04071044921875,331000
123,2020-04-07,50.0,50.20000076293945,44.0,45.599998474121094,45.00391387939453,1461700
124,2020-04-08,48.099998474121094,48.099998474121094,44.5099983215332,44.95000076293945,44.3624153137207,819800
125,2020-04-09,52.0099983215332,53.0,45.0,45.40999984741211,44.81639862060547,1483000
126,2020-04-13,46.02000045776367,46.38999938964844,41.0,41.709999084472656,41.164764404296875,880700
127,2020-04-14,43.81999969482422,43.97999954223633,41.400001525878906,41.630001068115234,41.085811614990234,863900
128,2020-04-15,40.900001525878906,41.2400016784668,38.130001068115234,38.58000183105469,38.07568359375,980600
129,2020-04-16,38.7599983215332,39.2599983215332,37.0,38.790000915527344,38.282936096191406,849400
130,2020-04-17,40.29999923706055,41.707000732421875,38.875,40.810001373291016,40.27653121948242,1008300
131,2020-04-20,41.4900016784668,45.900001525878906,41.0,43.369998931884766,42.80306625366211,1278800
132,2020-04-21,45.27000045776367,45.900001525878906,39.79999923706055,42.2599983215332,41.707576751708984,1507200
133,2020-04-22,54.439998626708984,55.849998474121094,45.20000076293945,53.5,52.8006477355957,10852500
134,2020-04-23,58.0,58.0,49.220001220703125,50.0,49.346397399902344,4271200
135,2020-04-24,51.2400016784668,51.4900016784668,47.599998474121094,47.75,47.12581253051758,1822700
136,2020-04-27,48.88999938964844,50.25,48.15999984741211,49.400001525878906,48.75424575805664,1183300
137,2020-04-28,48.599998474121094,48.97999954223633,44.79999923706055,45.83000183105469,45.23091125488281,1511200
138,2020-04-29,48.0,49.70000076293945,46.130001068115234,49.25,48.606204986572266,1766400
139,2020-04-30,49.209999084472656,49.220001220703125,46.02000045776367,47.47999954223633,46.85934066772461,1034100
140,2020-05-01,46.0,46.9900016784668,43.0,45.11000061035156,44.520320892333984,874600
141,2020-05-04,45.20000076293945,47.470001220703125,44.36000061035156,45.779998779296875,45.18156051635742,784900
142,2020-05-05,48.40999984741211,50.375,47.70600128173828,50.0,49.346397399902344,2604800
143,2020-05-06,50.13999938964844,50.20000076293945,47.5,47.779998779296875,47.155418395996094,889400
144,2020-05-07,49.2599983215332,49.5,48.349998474121094,49.31999969482422,48.675289154052734,815300
145,2020-05-08,49.15999984741211,49.88800048828125,48.20800018310547,49.2400016784668,48.596336364746094,696100
146,2020-05-11,49.61000061035156,50.790000915527344,47.91400146484375,49.97999954223633,49.32666015625,1887400
147,2020-05-12,50.400001525878906,52.119998931884766,49.20000076293945,49.33000183105469,48.685157775878906,1910200
148,2020-05-13,50.5,50.88999938964844,47.43000030517578,48.4900016784668,47.85614013671875,1468800
149,2020-05-14,48.560001373291016,49.08000183105469,45.08000183105469,48.65999984741211,48.0239143371582,1099100
150,2020-05-15,48.5099983215332,49.7400016784668,48.20000076293945,49.4900016784668,48.84306716918945,793800
151,2020-05-18,54.7400016784668,60.43000030517578,50.599998474121094,60.16999816894531,59.383453369140625,5013900
152,2020-05-19,57.0,57.939998626708984,49.95000076293945,50.59000015258789,49.928688049316406,3612100
153,2020-05-20,53.209999084472656,53.720001220703125,51.619998931884766,53.040000915527344,52.34666061401367,1979300
154,2020-05-21,54.099998474121094,54.20000076293945,51.14500045776367,51.900001525878906,51.22156524658203,1094300
155,2020-05-22,52.150001525878906,52.61000061035156,50.7599983215332,51.029998779296875,50.36293411254883,941600
156,2020-05-26,52.400001525878906,52.54999923706055,49.34000015258789,50.880001068115234,50.21489715576172,1511100
157,2020-05-27,49.529998779296875,50.220001220703125,46.29999923706055,47.59000015258789,46.96790313720703,1810200
158,2020-05-28,48.34000015258789,50.11000061035156,46.75299835205078,46.869998931884766,46.2573127746582,1107900
159,2020-05-29,48.189998626708984,49.529998779296875,47.15999984741211,49.529998779296875,48.88254165649414,760600
160,2020-06-01,50.0,53.209999084472656,49.540000915527344,52.29999923706055,51.6163330078125,1275800
161,2020-06-02,51.97999954223633,52.849998474121094,50.099998474121094,52.380001068115234,51.695289611816406,688500
162,2020-06-03,51.849998474121094,52.22999954223633,49.540000915527344,51.15999984741211,50.491233825683594,1379900
163,2020-06-04,50.45000076293945,51.86000061035156,49.70000076293945,50.0,49.346397399902344,623300
164,2020-06-05,49.79999923706055,50.22999954223633,48.5,49.18000030517578,48.53711700439453,768700
165,2020-06-08,49.220001220703125,49.24100112915039,47.41999816894531,48.779998779296875,48.1423454284668,1142400
166,2020-06-09,47.79999923706055,48.099998474121094,46.869998931884766,47.790000915527344,47.16529083251953,970100
167,2020-06-10,47.79999923706055,47.999000549316406,46.54999923706055,47.40999984741211,46.79025650024414,913100
168,2020-06-11,49.0,49.189998626708984,47.06999969482422,48.599998474121094,47.964698791503906,1324800
169,2020-06-12,49.369998931884766,49.439998626708984,47.0099983215332,48.58000183105469,47.94496154785156,858800
170,2020-06-15,48.720001220703125,51.16999816894531,48.290000915527344,50.849998474121094,50.18528747558594,1087500
171,2020-06-16,51.0,51.5,49.09000015258789,49.900001525878906,49.24770736694336,901100
172,2020-06-17,49.75,51.5,49.5,50.849998474121094,50.18528747558594,723000
173,2020-06-18,49.86000061035156,51.59000015258789,49.83000183105469,50.939998626708984,50.27410888671875,691500
174,2020-06-19,50.900001525878906,51.58000183105469,49.90999984741211,51.36000061035156,50.688621520996094,735800
175,2020-06-22,51.95000076293945,58.900001525878906,51.849998474121094,57.45000076293945,56.699012756347656,2678200
176,2020-06-23,55.619998931884766,56.0,51.52000045776367,52.75,52.06045150756836,2142200
177,2020-06-24,53.0,55.349998474121094,51.810001373291016,54.72999954223633,54.01456832885742,1344500
178,2020-06-25,54.5099983215332,59.91999816894531,53.52000045776367,59.709999084472656,58.92947006225586,2406400
179,2020-06-26,56.630001068115234,63.369998931884766,56.5,62.130001068115234,61.31783676147461,2830700
180,2020-06-29,65.68000030517578,71.37999725341797,64.12000274658203,65.80000305175781,64.93986511230469,4011400
181,2020-06-30,66.16000366210938,68.25,62.220001220703125,66.73999786376953,65.86756896972656,1979100
182,2020-07-01,77.69999694824219,79.37999725341797,62.29999923706055,64.13999938964844,63.30155944824219,9879300
183,2020-07-02,68.24500274658203,69.38999938964844,62.72999954223633,63.27000045776367,62.442935943603516,3926500
184,2020-07-06,65.58999633789062,66.9000015258789,64.33000183105469,65.51000213623047,64.65365600585938,1649400
185,2020-07-07,64.0,70.88999938964844,63.5099983215332,69.33999633789062,68.43358612060547,2264400
186,2020-07-08,67.20999908447266,68.58000183105469,66.45999908447266,67.55999755859375,66.67684936523438,1449600
187,2020-07-09,66.61000061035156,68.0,64.51000213623047,65.61000061035156,64.7523422241211,1186700
188,2020-07-10,67.0,71.29000091552734,67.0,70.36000061035156,69.44025421142578,2874300
189,2020-07-13,78.47000122070312,84.88999938964844,75.75,77.77999877929688,76.76325988769531,8529600
190,2020-07-14,82.56999969482422,85.0,78.0,83.87999725341797,82.78351593017578,4748700
191,2020-07-15,86.08000183105469,87.58000183105469,76.80000305175781,78.0,76.98038482666016,3908700
192,2020-07-16,80.5,80.5,74.55999755859375,75.87000274658203,74.87822723388672,2847900
193,2020-07-17,76.54000091552734,86.4000015258789,76.41999816894531,85.25,84.13561248779297,5053500
194,2020-07-20,91.74700164794922,96.08999633789062,85.7699966430664,88.19999694824219,87.04704284667969,7790800
195,2020-07-21,92.0,97.81999969482422,90.05000305175781,91.5999984741211,90.40260314941406,6025500
196,2020-07-22,99.19000244140625,104.98999786376953,93.6500015258789,104.16999816894531,102.80828857421875,13817800
197,2020-07-23,97.51399993896484,101.1500015258789,87.0,88.51000213623047,87.35299682617188,15899700
198,2020-07-24,86.30000305175781,86.69999694824219,80.33999633789062,84.16999816894531,83.0697250366211,7109700
199,2020-07-27,87.44000244140625,88.19999694824219,81.77400207519531,86.52999877929688,85.39888000488281,5129200
200,2020-07-28,89.0,90.4000015258789,84.0999984741211,85.37999725341797,84.26390838623047,5108600
201,2020-07-29,85.54000091552734,86.79000091552734,80.0199966430664,82.5,81.42156219482422,3846300
202,2020-07-30,79.05000305175781,84.87999725341797,78.0,84.16000366210938,83.05986022949219,3302800
203,2020-07-31,86.0,86.94999694824219,80.8499984741211,82.11000061035156,81.03665924072266,2640500
204,2020-08-03,82.98999786376953,85.4800033569336,81.83999633789062,85.47000122070312,84.35273742675781,2431700
205,2020-08-04,84.44000244140625,84.5,81.08000183105469,83.16999816894531,82.08280181884766,2410300
206,2020-08-05,82.81999969482422,83.19999694824219,76.84500122070312,81.30000305175781,80.23725128173828,4084400
207,2020-08-06,79.29000091552734,80.26000213623047,76.58000183105469,77.08000183105469,76.0724105834961,3175200
208,2020-08-07,77.08999633789062,78.54000091552734,74.02999877929688,77.0,75.99345397949219,3038200
209,2020-08-10,77.0,77.27799987792969,70.9000015258789,73.94999694824219,72.98332214355469,2830600
210,2020-08-11,69.0,72.87999725341797,66.51000213623047,68.44999694824219,67.55521392822266,4032200
211,2020-08-12,70.88999938964844,71.16000366210938,66.12000274658203,69.11000061035156,68.20659637451172,3252000
212,2020-08-13,68.25,71.52999877929688,67.30400085449219,71.0,70.07188415527344,2390900
213,2020-08-14,70.93000030517578,70.9800033569336,68.0199966430664,68.63999938964844,67.74273681640625,1862400
214,2020-08-17,69.08999633789062,71.35600280761719,68.80999755859375,70.26000213623047,69.34156036376953,1948000
215,2020-08-18,69.69000244140625,70.3499984741211,67.05999755859375,67.87999725341797,66.99266815185547,1905100
216,2020-08-19,67.41999816894531,67.4800033569336,65.01000213623047,65.5999984741211,64.74247741699219,2326600
217,2020-08-20,66.0770034790039,70.29000091552734,64.08000183105469,66.2699966430664,65.40371704101562,2932600
218,2020-08-21,71.7699966430664,76.27999877929688,70.33999633789062,73.0199966430664,72.06547546386719,6290400
219,2020-08-24,76.98999786376953,77.4000015258789,69.75,70.8499984741211,69.92384338378906,3393900
220,2020-08-25,70.06999969482422,70.5,68.20999908447266,70.48999786376953,69.56855010986328,1576200
221,2020-08-26,70.0,70.0,67.05000305175781,67.9000015258789,67.01241302490234,1711400
222,2020-08-27,68.19999694824219,68.69000244140625,64.79000091552734,65.58999633789062,64.73260498046875,1980500
223,2020-08-28,65.04000091552734,65.5,63.31999969482422,64.0,63.16339111328125,1760000
224,2020-08-31,62.81999969482422,63.18000030517578,60.34000015258789,61.25,60.4493408203125,2217200
225,2020-09-01,58.709999084472656,60.529998779296875,56.65999984741211,57.810001373291016,57.0543098449707,3569600
226,2020-09-02,56.0099983215332,63.290000915527344,54.959999084472656,61.9900016784668,61.17966842651367,3892800
227,2020-09-03,63.45000076293945,63.66999816894531,57.099998474121094,59.279998779296875,58.505088806152344,2586000
228,2020-09-04,59.279998779296875,59.959999084472656,54.099998474121094,58.56999969482422,57.80437088012695,1985500
229,2020-09-08,60.15999984741211,61.0,58.689998626708984,59.83000183105469,59.04790496826172,2887800
230,2020-09-09,63.0,63.380001068115234,60.599998474121094,62.31999969482422,61.50535202026367,3406900
231,2020-09-10,62.0,62.279998779296875,60.5,61.20000076293945,60.399993896484375,1751800
232,2020-09-11,61.45199966430664,65.27999877929688,61.04999923706055,65.12999725341797,64.27861785888672,2515200
233,2020-09-14,67.5,69.6500015258789,66.7699966430664,67.4800033569336,66.597900390625,3373600
234,2020-09-15,70.0,70.0,66.1500015258789,66.91999816894531,66.04521942138672,3168300
235,2020-09-16,65.51000213623047,67.29000091552734,65.40799713134766,66.04000091552734,65.17672729492188,2231500
236,2020-09-17,66.81999969482422,68.70999908447266,65.1500015258789,66.77999877929688,65.90705108642578,2860000
237,2020-09-18,68.01000213623047,68.44000244140625,65.16999816894531,67.0,66.12417602539062,2608900
238,2020-09-21,65.55999755859375,66.19999694824219,62.29999923706055,66.12000274658203,65.25568389892578,2118700
239,2020-09-22,65.37999725341797,67.75700378417969,63.61000061035156,67.05000305175781,66.17352294921875,1572300
240,2020-09-23,67.25,67.27999877929688,63.68600082397461,63.83000183105469,62.9956169128418,1678000
241,2020-09-24,62.619998931884766,63.93000030517578,58.810001373291016,62.83000183105469,62.00868606567383,2863400
242,2020-09-25,61.27000045776367,66.87100219726562,61.27000045776367,66.69000244140625,65.81822967529297,1670500
243,2020-09-28,66.98999786376953,67.80000305175781,65.72000122070312,66.5,65.6307144165039,1750000
244,2020-09-29,66.5999984741211,67.10900115966797,65.76000213623047,66.86000061035156,65.98600769042969,847600
245,2020-09-30,67.4000015258789,69.47000122070312,67.0979995727539,69.2300033569336,68.32502746582031,1746800
246,2020-10-01,70.0,72.87000274658203,69.30999755859375,72.70999908447266,71.75953674316406,2371700
247,2020-10-02,71.8499984741211,75.0,71.16000366210938,73.69999694824219,72.73658752441406,2327800
248,2020-10-05,75.69999694824219,81.55999755859375,75.6500015258789,80.69999694824219,79.64508819580078,3750600
249,2020-10-06,86.83999633789062,88.30000305175781,83.5199966430664,85.58999633789062,84.47116088867188,5702100
250,2020-10-07,83.31999969482422,86.44000244140625,80.69999694824219,86.2300033569336,85.1028060913086,2354700
251,2020-10-08,85.83000183105469,89.43000030517578,85.5999984741211,87.94999694824219,86.8003158569336,1826000
252,2020-10-09,88.9800033569336,90.0,87.5,89.04000091552734,87.87606811523438,1462500
253,2020-10-12,91.0,91.9000015258789,87.5999984741211,88.73999786376953,87.57998657226562,2573100
254,2020-10-13,90.08000183105469,94.01599884033203,89.55999755859375,93.0,91.7843017578125,2527500
255,2020-10-14,95.41899871826172,95.44000244140625,85.05000305175781,86.86000061035156,85.72456359863281,4180000
256,2020-10-15,85.6500015258789,90.41899871826172,85.5,90.37999725341797,89.19854736328125,2029700
257,2020-10-16,93.5999984741211,94.1500015258789,91.55000305175781,94.08999633789062,92.86005401611328,2792500
258,2020-10-19,96.2300033569336,97.29000091552734,92.23999786376953,93.91999816894531,92.69227600097656,2800200
259,2020-10-20,93.91999816894531,96.11699676513672,91.61100006103516,94.3499984741211,93.11665344238281,1872100
260,2020-10-21,92.75,92.94000244140625,85.66999816894531,87.72000122070312,86.57332611083984,3384600
261,2020-10-22,88.98999786376953,90.12000274658203,85.41699981689453,86.36000061035156,85.2311019897461,2205900
262,2020-10-23,89.6050033569336,89.98999786376953,87.05999755859375,88.69000244140625,87.53064727783203,2079700
263,2020-10-26,88.22000122070312,89.83999633789062,80.3499984741211,82.93000030517578,81.84593963623047,2879900
264,2020-10-27,83.0,84.05500030517578,80.51000213623047,83.94999694824219,82.85260009765625,2222100
265,2020-10-28,79.88999938964844,80.73999786376953,75.34500122070312,77.54000091552734,76.52639770507812,2566100
266,2020-10-29,81.48999786376953,85.7699966430664,79.22000122070312,84.80999755859375,83.70136260986328,2512000
267,2020-10-30,87.01000213623047,88.5,83.05000305175781,85.36000061035156,84.24417114257812,2253000
268,2020-11-02,87.90399932861328,88.0,83.18000030517578,87.0999984741211,85.96142578125,2139900
269,2020-11-03,84.91000366210938,88.19999694824219,84.8499984741211,87.22000122070312,86.0798568725586,1082600
270,2020-11-04,86.51000213623047,91.12899780273438,86.51000213623047,90.69000244140625,89.50450134277344,1701500
271,2020-11-05,91.33000183105469,92.83999633789062,89.66999816894531,92.0,90.79737854003906,1459800
272,2020-11-06,92.0,92.19999694824219,90.33000183105469,92.0,90.79737854003906,861300
273,2020-11-09,114.0199966430664,115.0,98.51000213623047,104.80000305175781,103.4300537109375,14614900
274,2020-11-10,110.0,113.4000015258789,106.19999694824219,112.76000213623047,111.28600311279297,8029100
275,2020-11-11,112.0,112.5,108.61299896240234,109.44999694824219,108.0192642211914,3274100
276,2020-11-12,106.80999755859375,107.12899780273438,100.5,101.62999725341797,100.3014907836914,3596500
277,2020-11-13,104.12000274658203,108.19999694824219,103.37000274658203,106.0,104.61436462402344,2997500
278,2020-11-16,96.63999938964844,97.0,87.06999969482422,91.5199966430664,90.32364654541016,11171600
279,2020-11-17,89.0,92.0,86.6500015258789,86.93000030517578,85.79364776611328,4057400
280,2020-11-18,90.80000305175781,92.45999908447266,88.26000213623047,90.44000244140625,89.25776672363281,5772600
281,2020-11-19,91.5999984741211,95.08999633789062,91.29000091552734,94.93000030517578,93.68907165527344,3400100
282,2020-11-20,100.0,105.33000183105469,99.05000305175781,104.06999969482422,102.7095947265625,6776800
283,2020-11-23,109.7300033569336,109.9800033569336,104.19999694824219,106.5,105.10783386230469,5194200
284,2020-11-24,100.91999816894531,103.43000030517578,97.55999755859375,101.87000274658203,100.5383529663086,3864000
285,2020-11-25,100.0,106.05999755859375,99.0999984741211,104.95999908447266,103.58795928955078,3007400
286,2020-11-27,106.44000244140625,111.19999694824219,106.0999984741211,109.98999786376953,108.55220794677734,3874600
287,2020-11-30,113.63999938964844,124.91000366210938,113.5,124.23999786376953,122.61592864990234,9934800
288,2020-12-01,124.5,128.1300048828125,108.0,114.01000213623047,112.51966094970703,9619800
289,2020-12-02,120.8499984741211,123.58999633789062,116.43000030517578,121.08999633789062,119.5071029663086,7164700
290,2020-12-03,119.8499984741211,121.80000305175781,115.0,118.68000030517578,117.12861633300781,4264600
291,2020-12-04,117.84200286865234,120.75,114.41999816894531,120.0,118.43135833740234,3142600
292,2020-12-07,121.0,126.37999725341797,121.0,125.69999694824219,124.05684661865234,4925300
293,2020-12-08,127.0,129.89999389648438,126.5,128.11000061035156,126.43534851074219,4597500
294,2020-12-09,128.99000549316406,129.0500030517578,116.58000183105469,122.80999755859375,121.20462036132812,5265200
295,2020-12-10,123.81999969482422,129.9499969482422,123.19999694824219,129.5399932861328,127.84664154052734,5381300
296,2020-12-11,130.10000610351562,131.0,124.63999938964844,127.30000305175781,125.63593292236328,4303700
297,2020-12-14,126.62899780273438,127.0,105.25,108.2699966430664,106.85469055175781,10907900
298,2020-12-15,114.20999908447266,116.26000213623047,108.33000183105469,111.19999694824219,109.74639129638672,5711800
299,2020-12-16,112.22000122070312,112.8499984741211,102.33000183105469,105.77999877929688,104.3972396850586,4802600
300,2020-12-17,102.63500213623047,107.58999633789062,101.62000274658203,106.43000030517578,105.03874206542969,3487800
301,2020-12-18,106.45999908447266,106.7699966430664,102.56999969482422,104.23999786376953,102.87737274169922,3108200
302,2020-12-21,107.51000213623047,107.97000122070312,104.56999969482422,106.45999908447266,105.06835174560547,2611000
303,2020-12-22,107.06999969482422,107.20999908447266,95.5999984741211,100.55999755859375,99.24547576904297,5021000
304,2020-12-23,97.12000274658203,100.5,95.0,100.05999755859375,98.75201416015625,3414000
305,2020-12-24,98.5,99.88999938964844,96.63999938964844,96.95999908447266,95.69253540039062,1039100
306,2020-12-28,95.0,95.4000015258789,87.06999969482422,88.11000061035156,86.9582290649414,4698900
307,2020-12-29,84.44999694824219,89.38999938964844,83.85299682617188,88.27999877929688,87.1259994506836,3300400
308,2020-12-30,90.0,90.88999938964844,83.0270004272461,83.94000244140625,82.84273529052734,2941100
309,2020-12-31,83.37999725341797,85.5,80.55000305175781,81.5199966430664,80.4543685913086,2607100
310,2021-01-04,85.45099639892578,88.12999725341797,83.0,85.7300033569336,84.60933685302734,3138000
311,2021-01-05,87.94999694824219,88.9800033569336,84.88999938964844,86.77999877929688,85.6456069946289,1970900
312,2021-01-06,86.75499725341797,91.48999786376953,86.25,91.16000366210938,89.9683609008789,3070800
313,2021-01-07,94.0,94.79000091552734,91.01000213623047,93.69000244140625,92.46528625488281,2980500
314,2021-01-08,98.0999984741211,101.19999694824219,97.0,100.38999938964844,99.07769775390625,3988400
315,2021-01-11,102.83999633789062,109.4000015258789,102.0999984741211,108.9000015258789,107.47645568847656,4772800
316,2021-01-12,104.97000122070312,107.6780014038086,101.01000213623047,105.44999694824219,104.0715560913086,3550800
317,2021-01-13,103.4800033569336,106.0,102.04000091552734,102.61000061035156,101.26868438720703,1816000
318,2021-01-14,102.79000091552734,106.5,102.26000213623047,105.8499984741211,104.46632385253906,1910200
319,2021-01-15,104.25,104.98999786376953,97.25,101.58999633789062,100.26200866699219,3151600
320,2021-01-19,101.26000213623047,105.44000244140625,100.19999694824219,104.69999694824219,103.33135986328125,2018200
321,2021-01-20,104.41000366210938,105.5,102.33000183105469,103.2300033569336,101.88057708740234,1615700
322,2021-01-21,104.0,107.30000305175781,103.19999694824219,105.43000030517578,104.05181884765625,2256300
323,2021-01-22,104.5,108.4800033569336,104.31500244140625,108.44000244140625,107.02247619628906,1696300
324,2021-01-25,108.0,110.9800033569336,105.13999938964844,110.61000061035156,109.16410827636719,2882600
325,2021-01-26,110.27999877929688,112.83200073242188,105.48999786376953,106.29000091552734,104.90057373046875,3863900
326,2021-01-27,105.1500015258789,110.86399841308594,103.0199966430664,105.97000122070312,104.58476257324219,2139600
327,2021-01-28,107.66200256347656,111.23999786376953,106.5999984741211,110.0,108.56208038330078,2296600
328,2021-01-29,114.94000244140625,118.16999816894531,111.4000015258789,116.94000244140625,115.41136169433594,6622800
329,2021-02-01,117.8499984741211,119.54000091552734,113.48999786376953,116.0999984741211,114.58233642578125,2898200
330,2021-02-02,115.0,115.87999725341797,110.55999755859375,114.76000213623047,113.25985717773438,1906700
331,2021-02-03,114.20999908447266,119.25,113.70999908447266,118.0199966430664,116.47723388671875,2426900
332,2021-02-04,117.9000015258789,120.08899688720703,116.98999786376953,117.55999755859375,116.02325439453125,1441700
333,2021-02-05,117.43000030517578,119.20999908447266,116.55999755859375,117.56999969482422,116.03312683105469,876800
334,2021-02-08,117.61000061035156,120.98999786376953,117.5999984741211,119.5,117.93789672851562,1922900
335,2021-02-09,119.97000122070312,119.9800033569336,117.12000274658203,117.52999877929688,115.99364471435547,1099200
336,2021-02-10,119.05500030517578,120.33000183105469,117.0999984741211,119.3499984741211,117.78985595703125,1397500
337,2021-02-11,119.0,119.93000030517578,115.41999816894531,118.02999877929688,116.48710632324219,1352800
338,2021-02-12,118.48999786376953,118.80000305175781,115.8499984741211,117.55999755859375,116.02325439453125,1028600
339,2021-02-16,117.0,117.81999969482422,112.55000305175781,114.37999725341797,112.88481903076172,1517500
340,2021-02-17,113.11000061035156,113.98999786376953,108.12000274658203,113.55999755859375,112.0755386352539,1331900
341,2021-02-18,108.0,113.61000061035156,107.36000061035156,112.6500015258789,111.17743682861328,1604800
342,2021-02-19,113.0999984741211,116.87999725341797,113.0199966430664,115.69000244140625,114.17770385742188,1381500
343,2021-02-22,117.44999694824219,119.80000305175781,114.02999877929688,114.5999984741211,113.10194396972656,1578000
344,2021-02-23,110.77999877929688,112.22699737548828,106.19999694824219,111.97000122070312,110.5063247680664,2088700
345,2021-02-24,110.51000213623047,114.58000183105469,109.2300033569336,114.16999816894531,112.67756652832031,1405100
346,2021-02-25,114.87000274658203,117.3499984741211,111.18000030517578,112.33000183105469,110.86162567138672,1129800
347,2021-02-26,113.9000015258789,114.9800033569336,109.02999877929688,109.02999877929688,107.6047592163086,1028600
348,2021-03-01,110.0,111.44999694824219,108.05999755859375,110.20999908447266,108.76933288574219,885200
349,2021-03-02,109.86000061035156,109.86000061035156,104.23999786376953,104.9800033569336,103.60770416259766,1093400
350,2021-03-03,104.83000183105469,105.0,97.25,97.25,95.97874450683594,2142800
351,2021-03-04,97.4000015258789,100.90599822998047,92.51000213623047,95.1500015258789,93.90619659423828,2335100
352,2021-03-05,95.68000030517578,96.83999633789062,91.22000122070312,96.19999694824219,94.94246673583984,1693600
353,2021-03-08,94.83000183105469,95.69999694824219,90.29000091552734,90.29000091552734,89.10972595214844,1521400
354,2021-03-09,94.11000061035156,97.93000030517578,93.56999969482422,96.4800033569336,95.21881866455078,1315900
355,2021-03-10,100.78700256347656,101.98999786376953,97.08000183105469,98.0199966430664,96.73867797851562,1376800
356,2021-03-11,100.5,103.0,100.23999786376953,102.5999984741211,101.2588119506836,1062000
357,2021-03-12,99.33999633789062,103.27999877929688,99.01000213623047,103.27999877929688,101.92992401123047,788600
358,2021-03-15,103.98999786376953,108.1500015258789,102.04199981689453,107.87999725341797,106.46978759765625,1365500
359,2021-03-16,109.25800323486328,110.9800033569336,104.69999694824219,108.0999984741211,106.6869125366211,1377300
360,2021-03-17,105.73999786376953,107.80000305175781,102.80000305175781,106.66000366210938,105.26573944091797,920700
361,2021-03-18,104.38999938964844,104.91000366210938,103.02999877929688,103.6500015258789,102.29508972167969,700800
362,2021-03-19,104.5,107.80000305175781,102.81999969482422,107.58999633789062,106.18357849121094,1145600
363,2021-03-22,106.62999725341797,108.69999694824219,106.31999969482422,107.0,105.6012954711914,631800
364,2021-03-23,107.33000183105469,107.3499984741211,100.11000061035156,100.11000061035156,98.80136108398438,1210400
365,2021-03-24,100.23999786376953,101.4800033569336,93.38999938964844,94.05000305175781,92.8205795288086,2204100
366,2021-03-25,94.0999984741211,97.44999694824219,92.93099975585938,95.12999725341797,93.88645935058594,1299400
367,2021-03-26,97.5,97.54000091552734,93.81999969482422,95.76000213623047,94.50822448730469,910400
368,2021-03-29,97.54000091552734,98.87000274658203,93.76000213623047,95.91000366210938,94.65626525878906,1066200
369,2021-03-30,99.80000305175781,106.47599792480469,98.5999984741211,104.44000244140625,103.07476043701172,3464000
370,2021-03-31,109.46700286865234,111.0,107.0999984741211,109.19000244140625,107.7626724243164,2178900
371,2021-04-01,110.51000213623047,114.08000183105469,110.5,113.87000274658203,112.3814926147461,2020700
372,2021-04-05,114.01000213623047,115.87000274658203,110.0,115.37000274658203,113.86188507080078,1385300
373,2021-04-06,115.69000244140625,117.75,114.16899871826172,117.1500015258789,115.61861419677734,1523000
374,2021-04-07,115.76000213623047,116.25,112.22000122070312,113.31999969482422,111.83867645263672,1151000
375,2021-04-08,113.2699966430664,116.30000305175781,112.5,114.48999786376953,112.9933853149414,1001500
376,2021-04-09,114.94999694824219,123.5,114.72000122070312,122.13999938964844,120.54338073730469,4192600
377,2021-04-12,120.55000305175781,122.25,118.29000091552734,121.5199966430664,119.93148803710938,1620200
378,2021-04-13,125.0,130.80999755859375,124.7699966430664,129.63999938964844,127.94534301757812,4187500
379,2021-04-14,130.8000030517578,132.60000610351562,129.2100067138672,132.60000610351562,130.8666534423828,3349400
380,2021-04-15,130.0,140.7899932861328,128.16000366210938,140.72000122070312,138.88050842285156,3705500
381,2021-04-16,141.49000549316406,152.32000732421875,141.49000549316406,151.5399932861328,149.55906677246094,4624300
382,2021-04-19,146.97000122070312,156.80999755859375,146.7899932861328,149.47999572753906,147.52598571777344,3426400
383,2021-04-20,145.47000122070312,157.3000030517578,140.80999755859375,156.17999267578125,154.13841247558594,3219500
384,2021-04-21,154.83999633789062,162.07000732421875,152.1199951171875,161.8000030517578,159.68495178222656,2416900
385,2021-04-22,164.99000549316406,176.0,164.8000030517578,168.9499969482422,166.74148559570312,4728100
386,2021-04-23,174.33700561523438,177.64999389648438,171.02000427246094,173.0,170.73854064941406,3102300
387,2021-04-26,167.79100036621094,174.77000427246094,161.5399932861328,174.64999389648438,172.36697387695312,3087500
388,2021-04-27,173.3699951171875,175.8800048828125,169.26400756835938,172.83999633789062,170.58062744140625,2061900
389,2021-04-28,171.97999572753906,177.19000244140625,169.3000030517578,175.77000427246094,173.4723358154297,1507200
390,2021-04-29,180.5800018310547,184.72999572753906,177.25,179.64999389648438,177.30160522460938,2072700
391,2021-04-30,183.3000030517578,193.85000610351562,180.67999267578125,188.27999877929688,185.8188018798828,3505800
392,2021-05-03,202.25,211.64999389648438,196.0,208.89999389648438,206.16925048828125,5707900
393,2021-05-04,212.5,213.14999389648438,169.3000030517578,176.8800048828125,174.5678253173828,12101100
394,2021-05-05,185.41000366210938,196.0760040283203,161.22000122070312,170.77000427246094,168.53768920898438,9146800
395,2021-05-06,146.05999755859375,171.88999938964844,145.0,168.0,165.80389404296875,9970500
396,2021-05-07,183.34100341796875,185.8300018310547,175.39999389648438,183.7100067138672,181.3085479736328,4463100
397,2021-05-10,200.8000030517578,202.9499969482422,184.55999755859375,202.35000610351562,199.7048797607422,7286900
398,2021-05-11,186.61000061035156,202.5,185.0,198.02000427246094,195.43148803710938,4662600
399,2021-05-12,196.64999389648438,198.18899536132812,185.66000366210938,186.1300048828125,183.69691467285156,3200900
400,2021-05-13,188.32899475097656,189.9499969482422,172.72000122070312,180.7899932861328,178.42669677734375,3054100
401,2021-05-14,183.49000549316406,194.77000427246094,181.55999755859375,192.77000427246094,190.25010681152344,2980600
402,2021-05-17,192.74000549316406,200.60000610351562,191.77999877929688,198.3000030517578,195.70782470703125,2024500
403,2021-05-18,195.49000549316406,197.4499969482422,190.25,194.5,191.95748901367188,1839100
404,2021-05-19,190.0,199.24000549316406,186.72000122070312,199.0800018310547,196.47763061523438,1838100
405,2021-05-20,199.1699981689453,209.02000427246094,198.3000030517578,203.7100067138672,201.04710388183594,3272900
406,2021-05-21,204.1300048828125,205.19000244140625,195.42999267578125,195.69000244140625,193.13194274902344,1525900
407,2021-05-24,197.50999450683594,199.98800659179688,193.27999877929688,194.88999938964844,192.34239196777344,1222000
408,2021-05-25,194.4600067138672,200.13999938964844,193.6999969482422,197.5,194.91827392578125,1444900
409,2021-05-26,197.60000610351562,203.5,197.5070037841797,202.3699951171875,199.724609375,1545300
410,2021-05-27,199.0500030517578,203.4949951171875,196.17999267578125,197.6999969482422,195.11566162109375,1324700
411,2021-05-28,199.11000061035156,208.60000610351562,199.10000610351562,204.0,201.33331298828125,2283100
412,2021-06-01,204.57000732421875,209.8000030517578,204.47999572753906,206.13999938964844,203.44532775878906,1661900
413,2021-06-02,206.25999450683594,219.94000244140625,205.1999969482422,219.39999389648438,216.53199768066406,2823300
414,2021-06-03,218.3000030517578,221.0,213.39999389648438,215.30999755859375,212.49546813964844,1527700
415,2021-06-04,218.6199951171875,235.0,217.0,233.2899932861328,230.24041748046875,3226800
416,2021-06-07,238.55999755859375,252.77999877929688,237.5,238.14999389648438,235.03689575195312,4361700
417,2021-06-08,238.7899932861328,240.60400390625,211.25999450683594,220.4499969482422,217.56826782226562,4125100
418,2021-06-09,225.02000427246094,246.67999267578125,222.8000030517578,241.49000549316406,238.333251953125,3627300
419,2021-06-10,240.0,247.66000366210938,231.0500030517578,239.82000732421875,236.68507385253906,2853300
420,2021-06-11,238.96600341796875,239.77999877929688,233.61000061035156,238.5500030517578,235.43167114257812,1123100
421,2021-06-14,240.5500030517578,240.9199981689453,212.39999389648438,220.5800018310547,217.6965789794922,4425200
422,2021-06-15,224.13999938964844,224.33900451660156,213.1199951171875,218.1699981689453,215.3180694580078,2041100
423,2021-06-16,211.5,214.97000122070312,199.5,203.85000610351562,201.18527221679688,3931600
424,2021-06-17,209.89999389648438,216.3000030517578,208.55999755859375,214.1999969482422,211.3999786376953,2107700
425,2021-06-18,211.91000366210938,217.10000610351562,211.52000427246094,212.4199981689453,209.6432342529297,2256100
426,2021-06-21,217.06199645996094,226.67999267578125,214.77000427246094,226.08999633789062,223.13455200195312,1849800
427,2021-06-22,228.25399780273438,236.552001953125,227.8000030517578,236.49000549316406,233.3986053466797,2032700
428,2021-06-23,233.8800048828125,238.0,219.6999969482422,229.5,226.49996948242188,2707800
429,2021-06-24,231.10000610351562,232.97000122070312,225.80999755859375,227.7899932861328,224.81231689453125,1553200
430,2021-06-25,228.5,231.89999389648438,225.6300048828125,230.02000427246094,227.01318359375,1175000
431,2021-06-28,230.55999755859375,233.74000549316406,222.75,228.44000244140625,225.45382690429688,1508700
432,2021-06-29,226.3000030517578,231.97000122070312,223.00999450683594,228.05999755859375,225.07879638671875,1669900
433,2021-06-30,228.0,230.99000549316406,221.27000427246094,223.8800048828125,220.9534454345703,1763900
434,2021-07-01,224.5,227.3800048828125,220.10299682617188,224.0,221.07186889648438,943600
435,2021-07-02,224.88999938964844,227.0,218.1300048828125,224.0,221.07186889648438,967600
436,2021-07-06,213.4250030517578,216.42999267578125,209.14999389648438,213.5,210.70912170410156,2051000
437,2021-07-07,211.5,211.60000610351562,203.0,205.92999267578125,203.23806762695312,1427300
438,2021-07-08,195.6699981689453,208.74099731445312,194.0399932861328,207.92999267578125,205.21192932128906,2013200
439,2021-07-09,216.24000549316406,217.60000610351562,208.5,217.39999389648438,214.55813598632812,2065300
440,2021-07-12,217.3730010986328,220.36000061035156,214.5050048828125,215.69000244140625,212.87049865722656,1092000
441,2021-07-13,214.42999267578125,214.42999267578125,206.8000030517578,207.83999633789062,205.12310791015625,1794600
442,2021-07-14,207.92999267578125,214.89999389648438,204.67999267578125,212.0,209.22872924804688,1526000
443,2021-07-15,212.8699951171875,222.1790008544922,212.0800018310547,221.0800018310547,218.19004821777344,2889300
444,2021-07-16,225.0800018310547,233.24000549316406,222.35000610351562,231.47000122070312,228.44422912597656,5050000
445,2021-07-19,228.0,247.30999755859375,226.41000366210938,242.63999938964844,239.46820068359375,5147300
446,2021-07-20,240.92999267578125,252.55999755859375,232.83999633789062,245.1699981689453,241.9651336669922,6604900
447,2021-07-21,244.9499969482422,261.7699890136719,242.07000732421875,259.6099853515625,256.21636962890625,5335300
448,2021-07-22,269.55999755859375,283.9200134277344,264.6000061035156,280.9800109863281,277.3070373535156,5589800
449,2021-07-23,287.0329895019531,292.3349914550781,267.0299987792969,281.9599914550781,278.2742004394531,4456600
450,2021-07-26,289.5,297.7300109863281,276.67999267578125,286.260009765625,282.51800537109375,4025300
451,2021-07-27,293.0,296.4599914550781,272.1830139160156,284.0,280.28753662109375,4318800
452,2021-07-28,289.0,315.1600036621094,282.5,313.45001220703125,309.35260009765625,4880600
453,2021-07-29,327.7929992675781,328.70001220703125,303.4599914550781,312.5899963378906,308.5038146972656,4094200
454,2021-07-30,315.010009765625,331.0,308.239990234375,328.3500061035156,324.05780029296875,4033800
455,2021-08-02,345.260009765625,353.6400146484375,333.17999267578125,340.2099914550781,335.76275634765625,5016300
456,2021-08-03,341.010009765625,354.0799865722656,336.79998779296875,351.80999755859375,347.21112060546875,4139900
457,2021-08-04,361.0,433.8999938964844,353.7900085449219,414.44000244140625,409.0224304199219,13700500
458,2021-08-05,406.5,418.30999755859375,375.1000061035156,404.9200134277344,399.62689208984375,7334000
459,2021-08-06,396.0,403.1499938964844,368.1099853515625,389.010009765625,383.92486572265625,5695200
460,2021-08-09,408.2300109863281,459.8800048828125,403.54998779296875,447.2300109863281,441.3838195800781,12022600
461,2021-08-10,458.0,464.0,411.3699951171875,416.5,411.0555114746094,8240500
462,2021-08-11,413.8999938964844,418.0,336.20001220703125,359.19000244140625,354.4946594238281,14583700
463,2021-08-12,380.0,391.57000732421875,356.010009765625,374.0199890136719,369.13079833984375,7258200
464,2021-08-13,387.1400146484375,390.0,367.29998779296875,377.32000732421875,372.3876647949219,3690400
465,2021-08-16,368.17401123046875,369.8399963378906,320.04998779296875,343.1000061035156,338.614990234375,7979400
466,2021-08-17,322.0,366.95001220703125,320.0,366.2699890136719,361.48211669921875,8101600
467,2021-08-18,368.4599914550781,374.79998779296875,347.0299987792969,363.989990234375,359.2319030761719,4801600
468,2021-08-19,348.70001220703125,355.29998779296875,330.9599914550781,331.80999755859375,327.4725646972656,4638900
469,2021-08-20,336.3500061035156,356.5,333.0,348.67999267578125,344.1220397949219,3978700
470,2021-08-23,373.5169982910156,388.0,370.20001220703125,382.1000061035156,377.1051940917969,6934500
471,2021-08-24,377.3299865722656,379.9800109863281,354.20001220703125,368.20001220703125,363.38690185546875,4767500
472,2021-08-25,360.7799987792969,376.5400085449219,351.0,376.0299987792969,371.1145324707031,2990600
473,2021-08-26,371.0,377.5989990234375,366.010009765625,369.989990234375,365.1534729003906,1927500
474,2021-08-27,368.7900085449219,370.32000732421875,354.82000732421875,358.4800109863281,353.7939453125,2332600
475,2021-08-30,351.0,360.3299865722656,342.78900146484375,345.0,340.4901428222656,3010000
476,2021-08-31,340.260009765625,349.3399963378906,327.1000061035156,329.19000244140625,324.8868408203125,3327500
477,2021-09-01,334.25,336.5,326.5,332.5,328.153564453125,2632200
478,2021-09-02,334.8599853515625,341.76300048828125,326.6600036621094,328.5299987792969,324.2354431152344,2113100
479,2021-09-03,328.489990234375,334.30999755859375,320.7099914550781,334.29998779296875,329.9300231933594,2238400
480,2021-09-07,334.5400085449219,347.9800109863281,332.2950134277344,346.6099853515625,342.0791015625,2478000
481,2021-09-08,346.2099914550781,352.80999755859375,335.260009765625,336.239990234375,331.84466552734375,2354600
482,2021-09-09,338.2900085449219,353.4800109863281,336.67999267578125,351.3800048828125,346.7867736816406,3210700
483,2021-09-10,360.0,363.29998779296875,347.5,349.19000244140625,344.6253967285156,3037800
484,2021-09-13,348.1910095214844,351.9100036621094,322.4700012207031,327.1400146484375,322.8636474609375,3963800
485,2021-09-14,326.1700134277344,345.9200134277344,326.0299987792969,334.8800048828125,330.50244140625,2850000
486,2021-09-15,338.1099853515625,357.760009765625,337.5,355.25,350.6061706542969,4545800
487,2021-09-16,350.3900146484375,374.8500061035156,345.0,372.6499938964844,367.7787170410156,4606800
488,2021-09-17,370.739990234375,370.79998779296875,344.80999755859375,359.17999267578125,354.4847717285156,5646200
489,2021-09-20,341.2049865722656,353.6400146484375,333.3599853515625,339.010009765625,334.5784606933594,3322100
490,2021-09-21,344.7699890136719,349.92999267578125,337.0400085449219,341.3500061035156,336.88787841796875,2455400
491,2021-09-22,342.8030090332031,344.57000732421875,336.69000244140625,339.260009765625,334.8251953125,1480000
492,2021-09-23,343.0,360.0,341.44000244140625,352.989990234375,348.3757019042969,2824400
493,2021-09-24,350.0,350.9200134277344,332.3999938964844,333.4800109863281,329.1207580566406,2603100
494,2021-09-27,335.3609924316406,338.5,305.510009765625,307.0899963378906,303.0757141113281,4089300
495,2021-09-28,293.70001220703125,296.8999938964844,275.0,276.5199890136719,272.9053039550781,5854400
496,2021-09-29,287.0,292.80999755859375,275.5799865722656,277.44000244140625,273.81329345703125,2776300
497,2021-09-30,278.1400146484375,282.5,268.8299865722656,272.989990234375,269.42144775390625,2632600
498,2021-10-01,251.0,259.239990234375,230.02999877929688,254.7899932861328,251.45938110351562,6885400
499,2021-10-04,234.92999267578125,252.3699951171875,233.5,248.89999389648438,245.6463623046875,3719000
500,2021-10-05,253.95199584960938,258.0,248.9199981689453,250.1199951171875,246.8504180908203,2038500
501,2021-10-06,246.9600067138672,248.5399932861328,233.75,236.13999938964844,233.0531768798828,2434200
502,2021-10-07,235.8000030517578,252.58999633789062,232.05999755859375,246.57000732421875,243.3468475341797,2585500
503,2021-10-08,252.02999877929688,257.8999938964844,243.1999969482422,245.9499969482422,242.7349395751953,1916100
504,2021-10-11,244.0,251.0500030517578,240.97000122070312,243.02000427246094,239.84324645996094,1244400
505,2021-10-12,247.72999572753906,248.4199981689453,240.1300048828125,243.77000427246094,240.58343505859375,1292000
506,2021-10-13,247.07000732421875,250.97999572753906,244.5,249.39999389648438,246.13983154296875,1437700
507,2021-10-14,253.1300048828125,257.3399963378906,249.0,250.3300018310547,247.05767822265625,1708700
508,2021-10-15,252.8000030517578,252.8000030517578,245.27999877929688,247.67999267578125,244.44232177734375,1654000
509,2021-10-18,245.33999633789062,261.1300048828125,245.02999877929688,261.0899963378906,257.6770324707031,2011900
510,2021-10-19,273.0,282.0,262.0,262.8500061035156,259.4140319824219,3854500
511,2021-10-20,268.7300109863281,273.9700012207031,265.0,269.4200134277344,265.8981628417969,2029200
512,2021-10-21,276.6000061035156,286.79901123046875,275.0299987792969,286.3599853515625,282.6166687011719,2558800
513,2021-10-22,294.7799987792969,295.81500244140625,268.04998779296875,278.3399963378906,274.7015380859375,3558900
514,2021-10-25,278.677001953125,295.510009765625,278.677001953125,294.9200134277344,291.0648193359375,2853000
515,2021-10-26,295.510009765625,304.3500061035156,290.6300048828125,292.3900146484375,288.5679016113281,2272400
516,2021-10-27,294.5400085449219,297.95001220703125,277.8399963378906,278.7699890136719,275.12591552734375,1914300
517,2021-10-28,282.5,288.7099914550781,277.1000061035156,283.9800109863281,280.267822265625,1468500
518,2021-10-29,283.75,284.8500061035156,273.0,278.7300109863281,275.0864562988281,1462600
519,2021-11-01,282.0,282.8999938964844,269.2349853515625,274.32000732421875,270.7341003417969,1798700
520,2021-11-02,282.0799865722656,290.7900085449219,276.3699951171875,289.4800109863281,285.6959228515625,2469800
521,2021-11-03,293.5299987792969,296.95001220703125,282.7799987792969,295.4100036621094,291.54840087890625,2416800
522,2021-11-04,283.7799987792969,286.0,263.6300048828125,273.94000244140625,270.35906982421875,5055900
523,2021-11-05,240.47000122070312,246.0,207.50999450683594,216.63999938964844,213.80807495117188,11684300
524,2021-11-08,232.17999267578125,243.0800018310547,228.6199951171875,242.60000610351562,239.42874145507812,4834300
525,2021-11-09,251.66000366210938,253.0,223.57000732421875,226.3699951171875,223.410888671875,5541700
526,2021-11-10,233.16000366210938,244.74000549316406,229.64999389648438,235.39999389648438,232.32284545898438,4053700
527,2021-11-11,237.44000244140625,239.7899932861328,228.4739990234375,235.88999938964844,232.8064422607422,2266200
528,2021-11-12,233.5,238.3300018310547,231.72999572753906,238.13999938964844,235.0270233154297,1734700
529,2021-11-15,241.72000122070312,250.8800048828125,239.47000122070312,250.47999572753906,247.20571899414062,2629200
530,2021-11-16,247.0399932861328,262.3800048828125,244.05999755859375,258.04998779296875,254.6767578125,3291700
531,2021-11-17,263.6400146484375,272.14898681640625,259.6000061035156,272.0,268.44439697265625,2897300
532,2021-11-18,277.2760009765625,281.04998779296875,265.55999755859375,274.05999755859375,270.47747802734375,2635700
533,2021-11-19,277.67999267578125,290.010009765625,275.1809997558594,289.75,285.9623718261719,4140100
534,2021-11-22,298.0,322.20001220703125,292.45001220703125,321.7099914550781,317.5046081542969,5616400
535,2021-11-23,308.20001220703125,311.6099853515625,291.5899963378906,308.8399963378906,304.8028259277344,4343100
536,2021-11-24,295.0,306.82000732421875,291.8500061035156,304.760009765625,300.77618408203125,2393500
537,2021-11-26,337.42999267578125,372.489990234375,335.0350036621094,348.0,343.450927734375,11029000
538,2021-11-29,369.5,374.5799865722656,346.9100036621094,362.5199890136719,357.7811279296875,6067600
539,2021-11-30,335.59698486328125,359.2699890136719,327.1300048828125,351.739990234375,347.14202880859375,4732500
540,2021-12-01,335.6499938964844,346.79998779296875,330.6600036621094,334.4800109863281,330.1076965332031,3708300
541,2021-12-02,311.0,335.0,307.05999755859375,333.489990234375,329.130615234375,4120100
542,2021-12-03,338.0,346.19000244140625,328.0199890136719,344.05999755859375,339.56243896484375,3325600
543,2021-12-06,317.57000732421875,321.8599853515625,276.45001220703125,279.8299865722656,276.17205810546875,6780100
544,2021-12-07,287.7200012207031,302.69000244140625,284.5400085449219,302.69000244140625,298.7332458496094,3478200
545,2021-12-08,308.6499938964844,312.9599914550781,287.2300109863281,291.94000244140625,288.1237487792969,3983300
546,2021-12-09,298.05999755859375,299.0,283.3399963378906,284.2099914550781,280.4947814941406,1979800
547,2021-12-10,268.7200012207031,271.55999755859375,252.88999938964844,257.67999267578125,254.3115997314453,5059600
548,2021-12-13,267.1419982910156,287.0,264.20001220703125,278.2200012207031,274.5830993652344,4028700
549,2021-12-14,272.0,277.8999938964844,261.010009765625,276.7699890136719,273.15203857421875,2172500
550,2021-12-15,271.7799987792969,289.70001220703125,271.510009765625,287.04998779296875,283.29766845703125,2795300
551,2021-12-16,288.27301025390625,289.32000732421875,277.0,283.67999267578125,279.9717102050781,2091900
552,2021-12-17,279.6000061035156,287.9330139160156,271.67999267578125,287.2799987792969,283.524658203125,2499300
553,2021-12-20,299.4100036621094,302.3399963378906,275.0,275.2300109863281,271.6322021484375,2669500
554,2021-12-21,275.3999938964844,281.9800109863281,266.6000061035156,271.4599914550781,267.9114685058594,2768800
555,2021-12-22,273.45001220703125,274.54901123046875,255.50999450683594,259.70001220703125,256.3052062988281,3092400
556,2021-12-23,258.3299865722656,259.5199890136719,250.0500030517578,255.2899932861328,251.9528350830078,2604500
557,2021-12-27,253.24000549316406,259.8999938964844,250.22999572753906,254.83999633789062,251.50872802734375,1514800
558,2021-12-28,250.35000610351562,256.4849853515625,238.27000427246094,241.39999389648438,238.24441528320312,2551600
559,2021-12-29,235.1199951171875,244.3000030517578,231.72999572753906,240.61000061035156,237.46473693847656,2713700
560,2021-12-30,239.02000427246094,258.82000732421875,238.0,256.80999755859375,253.45297241210938,2353500
561,2021-12-31,253.55999755859375,263.95001220703125,251.3699951171875,257.79998779296875,254.43002319335938,1159100
562,2022-01-03,253.8699951171875,256.1400146484375,231.5,231.85000610351562,228.8192596435547,3776400
563,2022-01-04,231.80999755859375,233.52000427246094,220.0,224.08999633789062,221.1606903076172,3403800
564,2022-01-05,230.47000122070312,230.58999633789062,211.02999877929688,211.42999267578125,208.6661834716797,3098300
565,2022-01-06,214.47999572753906,217.4969940185547,198.0,214.74000549316406,211.93292236328125,2753800
566,2022-01-07,213.6999969482422,217.72999572753906,209.27000427246094,211.83999633789062,209.07081604003906,1201400
567,2022-01-10,204.4499969482422,230.35000610351562,201.5500030517578,230.0,226.99343872070312,3737700
568,2022-01-11,222.92999267578125,224.22999572753906,213.02000427246094,215.8000030517578,212.97906494140625,2614100
569,2022-01-12,216.77999877929688,221.5749969482422,213.74000549316406,220.8699951171875,217.98277282714844,1806600
570,2022-01-13,217.08999633789062,220.1999969482422,202.86000061035156,202.99000549316406,200.33651733398438,2252700
571,2022-01-14,195.55999755859375,206.24000549316406,194.61000061035156,196.0,193.43788146972656,2863800
572,2022-01-18,183.27000427246094,183.27000427246094,168.07000732421875,169.22999572753906,167.017822265625,4740300
573,2022-01-19,171.63999938964844,175.72000122070312,160.60000610351562,161.66000366210938,159.54678344726562,3528300
574,2022-01-20,166.41000366210938,166.7899932861328,155.72999572753906,156.52999877929688,154.4838409423828,3282700
575,2022-01-21,153.85000610351562,154.8699951171875,145.80999755859375,147.5,145.57188415527344,4395500
576,2022-01-24,141.99000549316406,151.99000549316406,135.1300048828125,150.97999572753906,149.00637817382812,5811000
577,2022-01-25,157.48500061035156,166.5,152.55799865722656,156.49000549316406,154.44436645507812,4071000
578,2022-01-26,163.52999877929688,167.67999267578125,159.10000610351562,160.6999969482422,158.5993194580078,2688100
579,2022-01-27,161.92999267578125,164.47000122070312,152.77999877929688,154.5399932861328,152.5198516845703,2477500
580,2022-01-28,154.0,162.22999572753906,150.58999633789062,162.22000122070312,160.09945678710938,1432400
581,2022-01-31,166.0,172.69000244140625,162.50999450683594,172.0800018310547,169.83056640625,1860200
582,2022-02-01,182.17999267578125,183.61000061035156,174.16000366210938,179.60000610351562,177.2522735595703,1933300
583,2022-02-02,181.0,184.1300048828125,175.22000122070312,180.14999389648438,177.79507446289062,1823300
584,2022-02-03,172.3489990234375,179.1269989013672,171.2570037841797,175.02000427246094,172.73214721679688,1405300
585,2022-02-04,175.77000427246094,177.36000061035156,172.29100036621094,176.57000732421875,174.2618865966797,880600
586,2022-02-07,175.58999633789062,176.875,171.10000610351562,172.80999755859375,170.551025390625,1494100
587,2022-02-08,162.35000610351562,165.8090057373047,156.24000549316406,159.60000610351562,157.5137176513672,3091900
588,2022-02-09,162.89999389648438,173.8699951171875,160.91000366210938,173.3300018310547,171.06422424316406,1874500
589,2022-02-10,165.0399932861328,175.8699951171875,163.8800048828125,167.5399932861328,165.34991455078125,1205500
590,2022-02-11,167.92999267578125,174.1999969482422,167.77999877929688,170.9499969482422,168.71533203125,1439800
591,2022-02-14,163.6699981689453,165.82000732421875,153.75999450683594,154.52999877929688,152.50997924804688,3229500
592,2022-02-15,155.85000610351562,164.77000427246094,155.6999969482422,163.44000244140625,161.3035125732422,1214500
593,2022-02-16,161.92999267578125,168.27999877929688,158.10000610351562,165.49000549316406,163.32672119140625,1101600
594,2022-02-17,163.42599487304688,167.0,157.08999633789062,157.36000061035156,155.30299377441406,886700
595,2022-02-18,156.9499969482422,159.33999633789062,151.60000610351562,156.94000244140625,154.8884735107422,1016300
596,2022-02-22,149.49000549316406,153.97000122070312,146.85000610351562,149.88999938964844,147.93063354492188,1492000
597,2022-02-23,152.3300018310547,152.44000244140625,140.97000122070312,141.16000366210938,139.31475830078125,1512400
598,2022-02-24,140.14999389648438,154.42999267578125,138.5659942626953,154.05999755859375,152.04612731933594,2106200
599,2022-02-25,157.11000061035156,158.69000244140625,149.6300048828125,150.6199951171875,148.65109252929688,1232800
600,2022-02-28,147.0500030517578,152.4499969482422,146.5800018310547,150.80999755859375,148.83860778808594,1388600
601,2022-03-01,150.27000427246094,153.9600067138672,146.1300048828125,146.72999572753906,144.8119354248047,969000
602,2022-03-02,145.0,148.02999877929688,140.47999572753906,146.9499969482422,145.02906799316406,1034300
603,2022-03-03,147.55999755859375,147.66000366210938,139.8000030517578,142.25999450683594,140.40037536621094,960200
604,2022-03-04,137.08999633789062,139.52499389648438,134.52000427246094,136.25999450683594,134.4788055419922,1653800
605,2022-03-07,133.17999267578125,136.61000061035156,124.47000122070312,126.25,124.59965515136719,1674900
606,2022-03-08,123.9000015258789,133.6699981689453,121.31999969482422,128.16000366210938,126.48469543457031,1617100
607,2022-03-09,135.32000732421875,144.1280059814453,134.10000610351562,140.2100067138672,138.37718200683594,1519600
608,2022-03-10,139.4199981689453,139.67999267578125,134.5500030517578,137.27000427246094,135.47561645507812,799500
609,2022-03-11,143.25,145.25,135.61000061035156,135.63999938964844,133.86691284179688,1074600
610,2022-03-14,139.35000610351562,160.3000030517578,138.69000244140625,151.9199981689453,149.93409729003906,3920800
611,2022-03-15,153.25,155.5800018310547,141.05999755859375,145.0399932861328,143.14402770996094,2564400
612,2022-03-16,147.39999389648438,164.42999267578125,147.39999389648438,163.9199981689453,161.77723693847656,3034400
613,2022-03-17,164.33999633789062,166.5,160.33999633789062,165.0,162.84312438964844,1578500
614,2022-03-18,165.75,179.83999633789062,165.42999267578125,174.4600067138672,172.17945861816406,2969600
615,2022-03-21,175.1699981689453,178.5,169.19000244140625,170.1199951171875,167.89617919921875,1535700
616,2022-03-22,169.3800048828125,174.9199981689453,164.0,174.6300048828125,172.3472442626953,1718700
617,2022-03-23,171.72000122070312,172.6300048828125,165.0399932861328,166.3300018310547,164.15573120117188,1198600
618,2022-03-24,166.6999969482422,172.11000061035156,164.72000122070312,170.41000366210938,168.18240356445312,1365100
619,2022-03-25,169.1999969482422,170.9499969482422,159.50999450683594,161.10000610351562,158.99411010742188,1528200
620,2022-03-28,164.4499969482422,168.4499969482422,159.81500244140625,166.35000610351562,164.17547607421875,1458100
621,2022-03-29,169.39999389648438,175.46099853515625,166.55999755859375,172.38999938964844,170.1365203857422,2110800
622,2022-03-30,184.60000610351562,189.07400512695312,174.08999633789062,174.77999877929688,172.49526977539062,4050100
623,2022-03-31,173.0,174.55999755859375,168.6909942626953,170.55999755859375,168.33042907714844,1824500
624,2022-04-01,169.5,179.6999969482422,167.1999969482422,178.77999877929688,176.44297790527344,2418500
625,2022-04-04,181.13999938964844,186.24000549316406,180.72000122070312,186.24000549316406,183.80548095703125,2349000
626,2022-04-05,183.66000366210938,185.69000244140625,180.05999755859375,180.82000732421875,178.45632934570312,1880600
627,2022-04-06,175.75,176.44500732421875,162.27999877929688,166.64999389648438,164.47154235839844,2276900
628,2022-04-07,167.50999450683594,170.03199768066406,161.3699951171875,169.11000061035156,166.89939880371094,1505400
629,2022-04-08,167.5399932861328,173.6199951171875,167.3699951171875,170.25999450683594,168.0343475341797,886200
630,2022-04-11,166.10000610351562,172.10000610351562,164.63999938964844,170.5500030517578,168.32057189941406,1069600
631,2022-04-12,167.1300048828125,172.33999633789062,164.10000610351562,169.1300048828125,166.91912841796875,1562000
632,2022-04-13,168.39999389648438,181.0399932861328,167.4600067138672,179.3800048828125,177.03514099121094,1947500
633,2022-04-14,178.1699981689453,181.69000244140625,174.3300018310547,175.2899932861328,172.99859619140625,875400
634,2022-04-18,174.97999572753906,174.97999572753906,158.02000427246094,159.57000732421875,157.48410034179688,1245200
635,2022-04-19,159.7100067138672,161.9499969482422,154.14999389648438,159.74000549316406,157.65188598632812,1417300
636,2022-04-20,158.22000122070312,158.89999389648438,151.82000732421875,153.67999267578125,151.67108154296875,1012000
637,2022-04-21,152.8300018310547,155.6300048828125,147.4499969482422,147.83999633789062,145.9074249267578,1175500
638,2022-04-22,147.6699981689453,151.22999572753906,144.6300048828125,145.07000732421875,143.17364501953125,1052100
639,2022-04-25,145.88999938964844,155.9600067138672,145.60000610351562,155.10000610351562,153.07254028320312,1237300
640,2022-04-26,151.00999450683594,155.41000366210938,146.51499938964844,147.9499969482422,146.0159912109375,970300
641,2022-04-27,147.1999969482422,150.52000427246094,143.22999572753906,144.44000244140625,142.5518798828125,835600
642,2022-04-28,144.58999633789062,147.47000122070312,137.50999450683594,143.39999389648438,141.5254669189453,1115900
643,2022-04-29,143.02999877929688,148.77999877929688,138.30999755859375,138.77999877929688,136.9658660888672,783500
644,2022-05-02,139.6699981689453,149.39999389648438,139.52000427246094,146.0399932861328,144.13095092773438,1150500
645,2022-05-03,146.19000244140625,151.4499969482422,144.74000549316406,149.22999572753906,147.27926635742188,989600
646,2022-05-04,150.83999633789062,152.88999938964844,143.08999633789062,151.83999633789062,149.8551483154297,1451100
647,2022-05-05,148.44000244140625,149.82000732421875,140.30999755859375,141.9199981689453,140.0648193359375,1221300
648,2022-05-06,140.7899932861328,141.3000030517578,133.6199951171875,136.1699981689453,134.38998413085938,1404000
649,2022-05-09,139.57000732421875,146.1300048828125,138.5,140.32000732421875,138.48574829101562,2528900
650,2022-05-10,139.33999633789062,147.25999450683594,139.3000030517578,144.42999267578125,142.54200744628906,2259500
651,2022-05-11,142.55999755859375,155.27999877929688,142.0500030517578,144.16000366210938,142.27554321289062,2390800
652,2022-05-12,143.13999938964844,158.1199951171875,142.75999450683594,158.0,155.9346160888672,2227200
653,2022-05-13,160.0,165.0,156.6699981689453,158.83999633789062,156.76364135742188,1722900
654,2022-05-16,157.72999572753906,159.44000244140625,150.14500427246094,151.1999969482422,149.2235107421875,1266400
655,2022-05-17,154.61000061035156,161.2100067138672,153.5399932861328,159.8000030517578,157.71109008789062,1058400
656,2022-05-18,157.1999969482422,160.8000030517578,155.70899963378906,157.05999755859375,155.0069122314453,840400
657,2022-05-19,158.7899932861328,170.25,158.57000732421875,167.8699951171875,165.67559814453125,1821900
658,2022-05-20,168.08999633789062,169.25999450683594,159.9080047607422,163.0,160.8692626953125,1198000
659,2022-05-23,166.38999938964844,166.49000549316406,161.13999938964844,163.22000122070312,161.0863800048828,785700
660,2022-05-24,160.94000244140625,162.11000061035156,153.75,154.5,152.48037719726562,1103100
661,2022-05-25,154.1999969482422,157.8800048828125,150.55999755859375,154.6699981689453,152.6481475830078,672900
662,2022-05-26,155.85000610351562,159.25999450683594,153.63999938964844,158.14999389648438,156.08265686035156,664200
663,2022-05-27,159.875,167.67999267578125,157.6300048828125,166.9600067138672,164.77749633789062,1071500
664,2022-05-31,163.8000030517578,167.8699951171875,162.9499969482422,163.36000061035156,161.2245635986328,1047700
665,2022-06-01,165.0,166.9199981689453,159.17999267578125,161.49000549316406,159.37901306152344,583000
666,2022-06-02,160.55999755859375,163.4029998779297,155.86000061035156,158.36000061035156,158.36000061035156,1033300
667,2022-06-03,158.1199951171875,159.5,152.13999938964844,157.6999969482422,157.6999969482422,917400
668,2022-06-06,159.1999969482422,162.1300048828125,157.7519989013672,159.30999755859375,159.30999755859375,812000
669,2022-06-07,157.0500030517578,162.08999633789062,156.99000549316406,160.1199951171875,160.1199951171875,690700
670,2022-06-08,159.27999877929688,163.72999572753906,158.72999572753906,161.72999572753906,161.72999572753906,870800
671,2022-06-09,161.91000366210938,162.14999389648438,149.17999267578125,149.27000427246094,149.27000427246094,1141100
672,2022-06-10,148.1999969482422,150.18499755859375,140.16000366210938,143.85000610351562,143.85000610351562,1171300
673,2022-06-13,140.0,142.63999938964844,133.41000366210938,133.6199951171875,133.6199951171875,997100
674,2022-06-14,135.58999633789062,138.85000610351562,132.80999755859375,134.82000732421875,134.82000732421875,832600
675,2022-06-15,135.83999633789062,139.47000122070312,133.67999267578125,137.99000549316406,137.99000549316406,1453400
676,2022-06-16,134.77999877929688,134.77999877929688,126.62000274658203,129.14999389648438,129.14999389648438,1323000
677,2022-06-17,130.1999969482422,131.5,125.06999969482422,125.13999938964844,125.13999938964844,2202400
678,2022-06-21,130.1999969482422,131.02000427246094,122.38999938964844,123.25,123.25,2106300
679,2022-06-22,122.0,127.2699966430664,117.08000183105469,123.66000366210938,123.66000366210938,1970100
680,2022-06-23,123.66000366210938,132.8699951171875,122.69000244140625,132.2899932861328,132.2899932861328,1039000
681,2022-06-24,133.0,134.28500366210938,129.22000122070312,134.0399932861328,134.0399932861328,1020200
682,2022-06-27,140.24000549316406,144.27999877929688,138.0800018310547,143.7100067138672,143.7100067138672,1870600
683,2022-06-28,141.2100067138672,144.3679962158203,138.91000366210938,139.82000732421875,139.82000732421875,902800
684,2022-06-29,139.63999938964844,143.25,137.00999450683594,141.97999572753906,141.97999572753906,1054400
685,2022-06-30,146.52499389648438,153.8000030517578,142.10000610351562,149.10000610351562,149.10000610351562,2495600
686,2022-07-01,148.0,157.5,147.1999969482422,157.5,157.5,1335200
687,2022-07-05,151.3699951171875,162.82000732421875,151.0800018310547,161.02999877929688,161.02999877929688,1651300
688,2022-07-06,157.05999755859375,160.66000366210938,155.25,160.1999969482422,160.1999969482422,867200
689,2022-07-07,159.92999267578125,169.38999938964844,159.33999633789062,167.97000122070312,167.97000122070312,1100000
690,2022-07-08,165.5,172.75,165.5,170.1300048828125,170.1300048828125,861100
691,2022-07-11,167.9499969482422,171.42300415039062,166.0800018310547,166.47000122070312,166.47000122070312,886000
692,2022-07-12,164.69000244140625,165.98899841308594,160.4199981689453,161.4199981689453,161.4199981689453,750000
693,2022-07-13,161.0399932861328,169.9499969482422,160.02000427246094,166.6199951171875,166.6199951171875,949400
694,2022-07-14,164.67999267578125,164.67999267578125,154.44000244140625,154.4600067138672,154.4600067138672,1083400
695,2022-07-15,155.5800018310547,161.5449981689453,153.8300018310547,161.44000244140625,161.44000244140625,669100
696,2022-07-18,163.0,165.0,159.52000427246094,161.02999877929688,161.02999877929688,678300
697,2022-07-19,162.72999572753906,165.5,160.0,164.72999572753906,164.72999572753906,516500
698,2022-07-20,164.47000122070312,167.6699981689453,161.77000427246094,164.0800018310547,164.0800018310547,466000
699,2022-07-21,164.4600067138672,169.74000549316406,162.875,165.8699951171875,165.8699951171875,654100
700,2022-07-22,164.1199951171875,166.52999877929688,159.2449951171875,160.16000366210938,160.16000366210938,618700
701,2022-07-25,161.75,163.35000610351562,159.1699981689453,162.3699951171875,162.3699951171875,404500
702,2022-07-26,160.24000549316406,162.35000610351562,157.3300018310547,159.72000122070312,159.72000122070312,431100
703,2022-07-27,159.50999450683594,159.50999450683594,153.8699951171875,155.8800048828125,155.8800048828125,852700
704,2022-07-28,157.97999572753906,165.11000061035156,154.0399932861328,164.9199981689453,164.9199981689453,1082200
705,2022-07-29,164.25,165.80999755859375,161.07000732421875,165.14999389648438,165.14999389648438,587000
706,2022-08-01,163.58999633789062,169.83999633789062,163.0500030517578,163.47999572753906,163.47999572753906,746300
707,2022-08-02,161.3800048828125,166.1999969482422,161.00999450683594,165.77000427246094,165.77000427246094,640800
708,2022-08-03,168.74000549316406,179.0,168.74000549316406,178.22999572753906,178.22999572753906,1932200
709,2022-08-04,177.5,180.8800048828125,174.33999633789062,180.44000244140625,180.44000244140625,992400
710,2022-08-05,179.6300048828125,185.08999633789062,177.6300048828125,183.11000061035156,183.11000061035156,1579800
711,2022-08-08,167.0,170.92999267578125,162.24000549316406,169.3000030517578,169.3000030517578,3613100
712,2022-08-09,164.0399932861328,167.44000244140625,156.8249969482422,157.2100067138672,157.2100067138672,1766200
713,2022-08-10,162.24000549316406,162.3000030517578,156.6199951171875,160.9199981689453,160.9199981689453,1168300
714,2022-08-11,161.32000732421875,165.8300018310547,158.47999572753906,158.58999633789062,158.58999633789062,653900
715,2022-08-12,160.5,161.60000610351562,158.5800018310547,160.35000610351562,160.35000610351562,500500
716,2022-08-15,162.0,163.72999572753906,160.41000366210938,162.47999572753906,162.47999572753906,608700
717,2022-08-16,162.2899932861328,165.4199981689453,158.22999572753906,160.3699951171875,160.3699951171875,718700
718,2022-08-17,157.25,159.13999938964844,150.4499969482422,152.0399932861328,152.0399932861328,1133400
719,2022-08-18,151.72000122070312,152.1699981689453,146.7100067138672,147.61000061035156,147.61000061035156,1414100
720,2022-08-19,145.4499969482422,149.75,145.42999267578125,147.9199981689453,147.9199981689453,919900
721,2022-08-22,146.75,150.5,145.82000732421875,148.3000030517578,148.3000030517578,727500
722,2022-08-23,148.5,150.19000244140625,146.41000366210938,147.25,147.25,577000
723,2022-08-24,148.0,149.0,145.88999938964844,146.24000549316406,146.24000549316406,593000
724,2022-08-25,149.02000427246094,149.2100067138672,145.7100067138672,148.55999755859375,148.55999755859375,564800
725,2022-08-26,145.33999633789062,148.77999877929688,142.30999755859375,142.60000610351562,142.60000610351562,983900
726,2022-08-29,140.0,146.1300048828125,139.02999877929688,144.6300048828125,144.6300048828125,650000
727,2022-08-30,146.38999938964844,147.97000122070312,145.0399932861328,147.0800018310547,147.0800018310547,483200
728,2022-08-31,148.0,150.10000610351562,144.30999755859375,144.63999938964844,144.63999938964844,644400
729,2022-09-01,145.6199951171875,147.97000122070312,143.86000061035156,147.80999755859375,147.80999755859375,588300
730,2022-09-02,148.57000732421875,150.0399932861328,146.3800048828125,147.89999389648438,147.89999389648438,510900
731,2022-09-06,146.13999938964844,146.60000610351562,138.47000122070312,138.5800018310547,138.5800018310547,1056100
732,2022-09-07,137.16000366210938,144.57000732421875,137.1199951171875,144.11000061035156,144.11000061035156,488300
733,2022-09-08,142.74000549316406,147.74000549316406,142.33999633789062,147.1999969482422,147.1999969482422,615200
734,2022-09-09,147.50999450683594,152.6750030517578,146.97999572753906,150.91000366210938,150.91000366210938,784200
735,2022-09-12,150.27999877929688,152.19700622558594,148.05999755859375,148.27000427246094,148.27000427246094,486900
736,2022-09-13,144.17999267578125,146.0,140.67999267578125,141.0500030517578,141.0500030517578,867500
737,2022-09-14,142.3000030517578,146.75,141.3300018310547,146.5500030517578,146.5500030517578,729000
738,2022-09-15,145.67999267578125,145.67999267578125,143.16000366210938,144.13999938964844,144.13999938964844,532500
739,2022-09-16,141.50999450683594,146.13999938964844,141.5,145.75999450683594,145.75999450683594,707300
740,2022-09-19,142.22999572753906,142.7899932861328,131.51499938964844,133.22000122070312,133.22000122070312,1475600
741,2022-09-20,128.0,137.22000122070312,127.52999877929688,133.4600067138672,133.4600067138672,1413600
742,2022-09-21,131.99000549316406,134.0,128.13999938964844,128.24000549316406,128.24000549316406,880400
743,2022-09-22,127.72000122070312,131.7100067138672,126.55999755859375,130.0,130.0,1038900
744,2022-09-23,127.83999633789062,129.66000366210938,126.80000305175781,128.35000610351562,128.35000610351562,997000
745,2022-09-26,126.80000305175781,132.5,126.61000061035156,127.6500015258789,127.6500015258789,1062300
746,2022-09-27,128.0,133.41000366210938,128.0,130.3000030517578,130.3000030517578,994200
747,2022-09-28,129.6699981689453,135.6199951171875,129.6699981689453,133.7899932861328,133.7899932861328,932600
748,2022-09-29,132.85000610351562,135.30999755859375,131.64999389648438,133.60000610351562,133.60000610351562,632700
749,2022-09-30,133.02999877929688,136.25,133.02999877929688,134.8800048828125,134.8800048828125,735100
750,2022-10-03,135.24000549316406,138.1999969482422,135.02000427246094,136.67999267578125,136.67999267578125,497100
751,2022-10-04,139.0800018310547,140.64999389648438,136.66000366210938,137.57000732421875,137.57000732421875,594200
752,2022-10-05,136.5,138.55999755859375,135.50999450683594,137.19000244140625,137.19000244140625,508400
753,2022-10-06,135.6300048828125,139.11000061035156,135.6300048828125,137.52999877929688,137.52999877929688,591400
754,2022-10-07,136.4499969482422,138.0,134.33999633789062,134.7100067138672,134.7100067138672,767100
755,2022-10-10,134.72999572753906,137.16000366210938,133.10000610351562,135.2899932861328,135.2899932861328,615300
756,2022-10-11,134.3000030517578,135.1199951171875,127.48999786376953,129.49000549316406,129.49000549316406,641400
757,2022-10-12,133.88999938964844,140.45799255371094,133.4600067138672,136.64999389648438,136.64999389648438,1167300
758,2022-10-13,133.64999389648438,142.08999633789062,132.09800720214844,140.00999450683594,140.00999450683594,724300
759,2022-10-14,139.88999938964844,140.4499969482422,135.00999450683594,135.6199951171875,135.6199951171875,489700
760,2022-10-17,137.1999969482422,139.55999755859375,134.1999969482422,138.94000244140625,138.94000244140625,651400
761,2022-10-18,139.5,139.5,132.8300018310547,133.67999267578125,133.67999267578125,859400
762,2022-10-19,131.85000610351562,132.3350067138672,122.38999938964844,122.66000366210938,122.66000366210938,1181400
763,2022-10-20,122.62999725341797,124.55000305175781,118.30999755859375,118.43000030517578,118.43000030517578,1083700
764,2022-10-21,122.0,131.85000610351562,121.13999938964844,131.63999938964844,131.63999938964844,1623100
765,2022-10-24,130.6300048828125,135.0,128.32000732421875,134.99000549316406,134.99000549316406,778000
766,2022-10-25,133.97999572753906,139.8800048828125,133.74000549316406,135.27000427246094,135.27000427246094,707200
767,2022-10-26,135.1999969482422,140.8000030517578,134.97999572753906,137.08999633789062,137.08999633789062,743800
768,2022-10-27,136.1699981689453,136.4499969482422,133.25,135.5800018310547,135.5800018310547,465400
769,2022-10-28,134.5500030517578,138.66000366210938,133.5,137.64999389648438,137.64999389648438,572200
770,2022-10-31,137.77000427246094,141.0,136.9199981689453,137.63999938964844,137.63999938964844,751600
771,2022-11-01,143.88999938964844,150.0,141.1300048828125,144.0800018310547,144.0800018310547,945000
772,2022-11-02,143.89999389648438,145.67999267578125,140.5399932861328,141.52000427246094,141.52000427246094,591500
773,2022-11-03,134.5,145.49000549316406,133.9499969482422,145.25,145.25,1120100
774,2022-11-04,156.2899932861328,156.8000030517578,147.35000610351562,154.30999755859375,154.30999755859375,2174800
775,2022-11-07,152.77000427246094,161.5399932861328,150.25100708007812,160.72000122070312,160.72000122070312,2009800
776,2022-11-08,157.27999877929688,163.33999633789062,156.58999633789062,160.94000244140625,160.94000244140625,895800
777,2022-11-09,158.5500030517578,162.02999877929688,158.5500030517578,159.5800018310547,159.5800018310547,810600
778,2022-11-10,152.25999450683594,157.25,152.0,156.9199981689453,156.9199981689453,1807400
779,2022-11-11,152.38999938964844,155.01499938964844,146.7899932861328,154.50999450683594,154.50999450683594,1480300
780,2022-11-14,152.02999877929688,161.74000549316406,152.02999877929688,160.3699951171875,160.3699951171875,1267800
781,2022-11-15,161.0,164.80999755859375,160.3000030517578,163.72999572753906,163.72999572753906,940300
782,2022-11-16,163.89999389648438,167.0800018310547,163.30999755859375,164.89999389648438,164.89999389648438,864200
783,2022-11-17,162.50999450683594,166.33999633789062,159.3699951171875,166.25999450683594,166.25999450683594,557100
784,2022-11-18,165.77000427246094,167.06500244140625,164.5449981689453,166.38999938964844,166.38999938964844,647100
785,2022-11-21,163.08999633789062,165.03500366210938,158.1199951171875,158.41000366210938,158.41000366210938,800300
786,2022-11-22,154.97999572753906,159.1300048828125,151.5,158.72999572753906,158.72999572753906,1032700
787,2022-11-23,157.5,158.75999450683594,155.08999633789062,156.22999572753906,156.22999572753906,606200
788,2022-11-25,155.2100067138672,157.1199951171875,154.11000061035156,154.85000610351562,154.85000610351562,348300
789,2022-11-28,157.0,166.3699951171875,156.50999450683594,161.5500030517578,161.5500030517578,935075
